# generated by dist/gen-known-hashes.sh; do not edit. sha256, first label, logical path.
ef4441ffaa0e25e76c68de32519f9ef6ffdb8fb159cb082ee613a727a12f00f8	v0.3.0	plugin/.installed-by-opal
c771d4e89411d1167b67eacb4a55ebca4d3514a20f49a28e9a09ca8e15abab65	0.1.0+85e61cd	plugin/ActivityView.qml
e7eb614cedf6d2d769c594ffc98a7ab2e1741b587cfbc530db5c0d55b2003698	0.1.0+3a057db	plugin/ActivityView.qml
043fbfb8878bae9bd33ebe55a1dce685f4072545f8666616280b333c527feb42	0.1.0+3a057db	plugin/Approval.qml
434682980e58a4cf99048bae13ed02508842747730b9e9f94eee2c4fa164c69a	0.1.0+9bd2794	plugin/Approval.qml
58bb68d20366f5d149b8a5adc3d1ba0531a73b1a0fd00f81d854725d9663866d	0.3.2+74c048a	plugin/Approval.qml
5b562a1e1aaacb71ffc6792f90363c6b9e1e7112750dfaf8fb06974b22b538d5	v0.3.1	plugin/Approval.qml
5c4720a628176c4a3014921d4be70989f2285e410dacc7e740bb4fae761770ca	0.1.0+85e61cd	plugin/Approval.qml
7cad3d625a84de5b234d142424d768e5c7bab48c3b6d5f89a6c9528b5735a81f	v0.3.0	plugin/Approval.qml
9a60af687c674c9bf1b051cbcfc0e25d227802f4627555e53d4600ae67067c20	0.2.0+f85c2c8	plugin/Approval.qml
b59bf6e8c561773c7e285420612a3c94521f2b4bdd3acf3a0be794ad546de2c8	0.3.2+6d205a2	plugin/Approval.qml
fe4cb6d2467cca63408d7183077888c46ded205368c6f350d68deff76ce2c692	0.3.2+077c74b	plugin/Approval.qml
0c837c7391b4aeee6676b85004085ca7ff62e36cd4ea175ba5b7cbfd13e35d8e	0.3.2+74c048a	plugin/AppsView.qml
1c3598ea368b838aa3ddebb6b1493cd9be4acdbc302043caa6ba85e7ff8ad478	v0.3.0	plugin/AppsView.qml
413ca5f830b49c63496af47d51d205b6518bb3d0853f0182ac5b4b1a518fce61	0.1.0+85e61cd	plugin/AppsView.qml
5bf18336685c874b13d375a23ef8f7f3ef9b8d5b976c74d63f55fef7c7bd6bdd	0.3.8+f1e8f44	plugin/AppsView.qml
5eb47b03e24315abcd45d74e414be6e39c0adc84c5bf28ccf75f873c8bb4e1bb	0.1.0+3a057db	plugin/AppsView.qml
e60176dea17004f6a89738bd0184e92b23044f40248607c6152b43030b7de778	v0.3.1	plugin/AppsView.qml
a8accca19ec4f3f2294f403143ed1835b3a774f2593adba86c472a3a5145767b	0.1.0+3a057db	plugin/Avatar.qml
c930f04f1387d22f5d2b79340fbe5496e9e0988d73f099b76c5423f0bc1561bb	0.1.0+85e61cd	plugin/Avatar.qml
09d5aafa31b6101267321bb1f799fbd8b3bb6ba6ff7528b1f9b6524c78ff8e65	0.3.5+3b02944	plugin/NotificationsView.qml
2873dba8e054ae186c4555c70a8fa763d26093238c517868382d8bf4519ddd41	0.3.5+8343687	plugin/NotificationsView.qml
3260e0be58b61e7ea902ebbb33bbf2e215bf5cc14fec2fbfc83cb5e5b9fdf8b7	0.1.0+0a4b0a9	plugin/NotificationsView.qml
5be1bfbad67bed9016b629095617d2565c342d1902c78c1331eab8146a20728d	0.1.0+8f2885d	plugin/NotificationsView.qml
60c365e8e6b9561aee9e824b11ea4cb195e73f2187896bd431f6534d5a906078	0.3.5+7547b58	plugin/NotificationsView.qml
639bd93c79d3f72ebf5873090da67e86fb9bae036f4eab4659bcc0fdac2f588c	0.1.0+3a057db	plugin/NotificationsView.qml
904248c88162eefa431ca08153a77e657d06746980a8ca4adc53dde06f1daa79	0.1.0+3a76173	plugin/NotificationsView.qml
129667e79e728d16fd723b242ca808c7bb03f39d2f231d2650b29cc32c208c93	0.1.0+9bd2794	plugin/OpalPanel.qml
17069faafec591ad50fba3f21e83cc954261fe95b05d8ba6f9f3c4538afbbb6b	0.1.0+85e61cd	plugin/OpalPanel.qml
1b778a3e3a15e6fc7efe9501b325544d5fe73561853d904b979656334175cdad	0.1.0+a8289da	plugin/OpalPanel.qml
221ddbcf16b7949e2e9d97b81d9f355c8b74683232b0e40b4ca9afd250c5af97	0.1.0+14015a2	plugin/OpalPanel.qml
3084b8afe3558c7c239cbf5799a00f79d07573298e28fd4499e64070b9054d75	0.1.0+8b3f661	plugin/OpalPanel.qml
413f575feabc8ad0e5e57a6fa8e9838e40aa39cfef79584606113d963271d8d8	0.1.0+3a057db	plugin/OpalPanel.qml
46138ef37d577559671177396b2b6d7e668821b524b9fe24cb76054af9ce131c	0.1.0+2ea2fab	plugin/OpalPanel.qml
88996f5b8814722ecc741829415566d621286797397aef8a0cd14312d09a956b	0.1.0+8f2885d	plugin/OpalPanel.qml
b02f1ea149ea5a906d3c1c9b97db1950dab5fa141c2ca2b4b6e84183ed9850cb	0.1.0+0af320b	plugin/OpalPanel.qml
bcc4183d7dc984a6afa73bacbac03f90688ec6d64ebe94b9f73798bcadced0d6	0.3.5+8bf543e	plugin/OpalPanel.qml
ce08e0eca42e0d29a89ef58ca48306a6dd31f2f5f981ca305ac8c425bd1f5577	0.3.2+077c74b	plugin/OpalPanel.qml
d15f9a78f6c6f18c1ea7c83f88e60e9ccf35ca01649667e0680578d407e33539	0.3.8+dd88dec	plugin/OpalPanel.qml
eb60486ef5a7424ffc447749270d57453bc7096f4d3044c79bcde40321ad7af8	0.1.0+02e6ca8	plugin/OpalPanel.qml
03e78d8501b8ea3f4135bb9be9c25db371f2fe750321253e74592296836fb20d	0.3.2+077c74b	plugin/OpalService.qml
19f283776986eecbd3a95b285df0eb28785c5079cd19cab3b42970f92db086bd	0.3.5+8343687	plugin/OpalService.qml
1ae5fb68d669ecf711f30b99ed00c23c2f4e189cbb563be3b4e1daf3fa0bab5e	0.3.5+ed6ad95	plugin/OpalService.qml
2352b3279885f1aca10dd0f4452c5cb815ae6587f36c8f92e8ff0add595bda02	0.2.0+f85c2c8	plugin/OpalService.qml
30d0fa367ff278ea70ddf8d41c9cba39bb8a55104f4ef88829aa03139035bb30	0.1.0+36b8b08	plugin/OpalService.qml
3422b4c85b44f07086620169dafddbe2acaaba3f02f2fe8d12f88a81f116d4cd	0.1.0+9bd2794	plugin/OpalService.qml
38aa019d56c4e10a570d041ba9edb3463d60fd65fe2a9940255ce3d561aab122	0.1.0+14015a2	plugin/OpalService.qml
3c5ffefbfb3f636b64acb10b34a5060d13f7f212c198dcf1e7d146ca787a1e3f	0.3.5+7547b58	plugin/OpalService.qml
58833bdf954ab2aa5e9886fc530b021213568ad8987962fee29a39bda4641572	v0.3.0	plugin/OpalService.qml
5ac2b28cb03b432fcbe48f184ace2ad7cd25d07896ebe5958673765197cbec0b	0.1.0+85e61cd	plugin/OpalService.qml
69f72340cbed09cd1f352d579cd82f032aa4d0cc0aff65592799a7b8941897e3	0.1.0+0a4b0a9	plugin/OpalService.qml
82327b21f6d02c953543106eef69e698a24a165dca41040bda0ee2a64345e9e9	0.1.0+8f2885d	plugin/OpalService.qml
9023eaf08a63b099a7841e5f9c59775e7a97ad93e3739972e885d1c09d7fe71c	0.1.0+8b3f661	plugin/OpalService.qml
975c47e38060959318914063e74f8430b6998c3ec7069312148e57210912b2bf	0.1.0+3a057db	plugin/OpalService.qml
aae1c968c2e45296e1864c117e771f952cc4dc5c57fb3dde7a0d5d9c70869690	0.1.0+ca6b458	plugin/OpalService.qml
e2649fba562a5db5f068193cb99e9bfe444ad5e63032e273180a3fe52dc7745c	0.3.8+dd88dec	plugin/OpalService.qml
e368f61ddd3e4a0cf0898609d6e3ecf55564b553dbe37846527c1c99402b3c85	0.3.7+24a5d53	plugin/OpalService.qml
ef7b3d4a65da1815f9387ac8d2ef75adc5758dc357940bf4d5abfce925aaba1c	0.3.5+8bf543e	plugin/OpalService.qml
55b31aefdbb783f1566fa3f99e65b8e83de319257a22240d2a8c2ae1760d2ff7	0.1.0+85e61cd	plugin/ProfilesView.qml
70b5745de698cfdacdecb86f738de676664bd78354dbba067c1a693d125bfa0e	0.1.0+2ea2fab	plugin/ProfilesView.qml
745b97957e0b1b06f70ba1e046c4f9bba96c777bea293d189bf57bc3e11e479c	0.1.0+0af320b	plugin/ProfilesView.qml
7c5ec81d10e75142e617316c062c6c1a548703f7051d9ec475662ead45ae01ed	0.1.0+5e44132	plugin/ProfilesView.qml
d2fce4228b3ce463f11d26bbafc7ced4a9712a2911ae6c659583e44fb904c9ab	0.2.0+d890b41	plugin/ProfilesView.qml
e1c392f26961d27e5c04c8357c0f31ec9a2e992e494913b81afb5dfc35d8d2b9	0.1.0+3a057db	plugin/ProfilesView.qml
1abe21b06995ab6f47db10efc7968c7d4def17397a05497a9c84894579bc9659	0.1.0+36b8b08	plugin/SettingsView.qml
307c6d4e5dfe47fa81b609ac0514b895fedc09e41536a4bca649790bb659ab97	0.1.0+3a057db	plugin/SettingsView.qml
30bee0e63ebb472bb107e20986f0b57d913c1616760cb1bf98141106487f861e	0.1.0+85e61cd	plugin/SettingsView.qml
3713d1d8353621c78b600140c3e8d98fecb4978ad035f700766bd886674b3759	0.3.5+8343687	plugin/SettingsView.qml
38270d330db503bb0dea8d255eee0d63c7c3ad8d90126a86eb16f1e9e71ab7b2	0.1.0+5e44132	plugin/SettingsView.qml
383caa6fc751ac7c23b7aae51bbbf436517dee4452edf4849e51df8cb1179542	0.3.5+3b02944	plugin/SettingsView.qml
3b8686d8c0d2fa8cd1bc26b4923e0f06a306cff39986294ccca0f3c3ea63fb31	0.1.0+9bd2794	plugin/SettingsView.qml
55d1839e4c58ad912e3c6cd005e98d39c0a9afd3895f1c53ba2cecc03ad4ed79	0.1.0+8b3f661	plugin/SettingsView.qml
851e336c6dfcc2ae476cfd91adb22850b20cc2e8cde995a5349d72bfb457af37	0.3.4+ecb101c	plugin/SettingsView.qml
884dee84ef9985a5bcc7cc552f0659f5552a8a91c0003bb512c959cd3439dc4f	0.1.0+0a4b0a9	plugin/SettingsView.qml
8e919851e75994868f17a507b80a134dc2aa95914666712563093ed3fcdfdd67	0.3.5+7547b58	plugin/SettingsView.qml
99bca043013fa60e08038e2861da226e3ece96c254de1af1646fef0576d46e21	0.3.3+11be4a2	plugin/SettingsView.qml
b5bdbf24a9dfdb27db07f10dc0bfd6e151bc95be3c4b0b33537cd25229e6fe02	0.1.0+a8289da	plugin/SettingsView.qml
dfbd12d3d85d00dc1ce4625824ac65feba341fdc1d10767f9a829664a93135d8	0.1.0+3a76173	plugin/SettingsView.qml
f5e96cdeaf694af97e3ed4ff9715bdb06f5efd59a526002ee8f98c9fabc0c0df	0.1.0+2ea2fab	plugin/SettingsView.qml
fedb66b4e683674f7acb75ec9fcf5d48f324b3251449c517c34a14e371e7a7da	0.1.0+8f2885d	plugin/SettingsView.qml
3057c79fb2b0bd2a10f037fa3a4c92b95e48e138549674760299c980fbe496df	0.1.0+8f2885d	plugin/SetupView.qml
3bba26e6ecf8dcbd3833a600540a3ec698650cb601be8525faddc6c32330de04	0.1.0+85e61cd	plugin/SetupView.qml
5e5acf24dfa76aea65835dc793717d4c7082d74b1e658e6b47f5df46e5ba1911	0.1.0+3a057db	plugin/SetupView.qml
fa540adec7041dc12200b35ef57e2ddf768a7a400045ff189dd9c82b8abf5c46	0.1.0+a8289da	plugin/SetupView.qml
1bb6bc12b3aa79b888278c5e45f2ca53972c79b8e60baf0d4bb022d5e3976124	0.1.0+8b3f661	plugin/StatusView.qml
39c3607d7cac34e0218f2b6374f2b49b5068112d4840b5fda7a96e1ed5c92e57	0.1.0+14015a2	plugin/StatusView.qml
7c9a5f473ab61e21ddc6ba575a3cfd04f34deb55f2c4ac98439a5c513d0cd80b	0.1.0+3a057db	plugin/StatusView.qml
0699df9b414ec71a897de5a6b6d7dc266e3bb45e4b2867a23b23295daa1364db	0.1.0+85e61cd	plugin/UnlockCard.qml
177ee72fee2a007c17570f4f33afe67186c20a1fd0f3831a74dc0f41d597aab0	0.1.0+3a057db	plugin/UnlockCard.qml
829abd884104cc74fdf680280030b802109909e29f50778c22a2260725f8aafa	0.3.2+077c74b	plugin/UnlockCard.qml
2c9ea0769d651c53a8e40ce1f58ad6fdc12e8a3ff086e72d654e7abad68afa7b	0.1.0+85e61cd	plugin/Widget.qml
b3f7e44d9afc894c937e647be0f5de6208098bb73337b88b52d04153d5ed8d2b	0.3.8+dd88dec	plugin/Widget.qml
c850c63cd3f97dc585af74fc028aa9f53472cb61d69782dfc049f76cd90a8739	0.1.0+8f2885d	plugin/Widget.qml
cdd33d62d5c96dde8977a2b5be81b3158e985205d5b98001c364e3b3ecfe65f6	0.2.0+f85c2c8	plugin/Widget.qml
06cf8bdd4c9d2dc224e3d511abe6a9ef3baedd783ea4c938580ac758f65fa50a	v0.3.8	plugin/manifest.json
0706eb6def312ecde637eb41691ce11585514c80ca71e4f5c1fab9bad3f18939	v0.3.9	plugin/manifest.json
1795947e87422d19211d82252d56b707e884335334d9b6fbce0d395456b2cad9	0.3.2+077c74b	plugin/manifest.json
3dd88d3d8b6703079f7b1a6553ca8ed06d50ee9ce7cb50e6c43d7032504684b3	v0.3.4	plugin/manifest.json
563c7fd48019713ce7cf3d50789d6e97065de622ba20e5f65ba629a31d3361fb	0.2.0+489c292	plugin/manifest.json
65a6dd0fd49aafb3a11bdd9e425c80a091516d0895d7a16ecdee022276f1fdda	v0.3.3	plugin/manifest.json
7d73c25c8c22fe3ed4c7909fa9b8363d4f89c8002d563d16aefd418812156251	v0.3.5	plugin/manifest.json
843b8fd669a6e4b14ccca064e9659cc4f63d9dc69918ed22881d9421b4687394	0.1.0+85e61cd	plugin/manifest.json
8f0cef42591d3386ca0558a9199eee8997822a7db249695d44147a93e19aee6d	v0.3.6	plugin/manifest.json
95da3a713df052634b965f37fa8670eddb91d999b33eeea8203a42e7fe061858	v0.3.0	plugin/manifest.json
97b42a7b470d5cfad9e1ebe6d576b2df384fad2a6d510a1432e22075bac93446	0.3.10	plugin/manifest.json
d3360f76b56c1126ff396f03e64d2e5acf3312795d3d72fd5298debff61632bb	v0.3.1	plugin/manifest.json
dd5b4ac79be855c81360d77a48f6018b774c347902fea8ad58d2a0def9396679	v0.3.7	plugin/manifest.json
f338b532be3f7c71a918693667c46fb8b4859bb763d574744e94cf610eb205d6	0.2.0+f85c2c8	plugin/manifest.json
502dc1cd33e3e112dfbd725556cfdaa7565380cfbc1d5fac9880295e9d590f1a	0.1.0+85e61cd	plugin/util.js
31e0be042284d3b47c7ef1289b83e86bd60d07dc6e2db55255516b76e3906c4e	0.2.0+237c668	unit
347c976aed80571abe2433c3a335460130af901928141b81ac6bd09b60867698	0.1.0+85e61cd	unit
4b38f8b55664c4765897ca1c42710eedcbb7868918a6d305e5c8dbb04a103a2b	0.1.0+8f2885d	unit
b4b651e47c8fad34dba073f1c5b9512b8c947bcb7dabac3ecf1b9ff9f9079d73	0.1.0+3a057db	unit
